{"cameraMode":{"drawMode":0,"name":"Shaded","section":"Shading Mode"},"sceneLighting":true,"audioPlay":false,"sceneViewState":{"m_AlwaysRefresh":false,"showFog":true,"showSkybox":true,"showFlares":true,"showImageEffects":true,"showParticleSystems":true,"showVisualEffectGraphs":true,"m_FxEnabled":true},"in2DMode":false,"pivot":{"x":1.8547207117080689,"y":1.6095386743545533,"z":2.826077699661255},"rotation":{"x":-0.06634106487035752,"y":0.3992297053337097,"z":0.02937155030667782,"w":0.914332926273346},"size":1.5018165111541749,"orthographic":false}