{"cameraMode":{"drawMode":0,"name":"Shaded","section":"Shading Mode"},"sceneLighting":true,"audioPlay":false,"sceneViewState":{"m_AlwaysRefresh":false,"showFog":true,"showSkybox":true,"showFlares":true,"showImageEffects":true,"showParticleSystems":true,"showVisualEffectGraphs":true,"m_FxEnabled":true},"in2DMode":false,"pivot":{"x":625.5601196289063,"y":217.73448181152345,"z":5.620490550994873},"rotation":{"x":-0.17110729217529298,"y":0.0066849044524133209,"z":-0.001525350147858262,"w":-0.9855237603187561},"size":292.21990966796877,"orthographic":false}