{"cameraMode":{"drawMode":0,"name":"Shaded","section":"Shading Mode"},"sceneLighting":false,"audioPlay":false,"sceneViewState":{"m_AlwaysRefresh":false,"showFog":true,"showSkybox":false,"showFlares":true,"showImageEffects":true,"showParticleSystems":true,"showVisualEffectGraphs":true,"m_FxEnabled":true},"in2DMode":false,"pivot":{"x":-0.22918592393398286,"y":1.3888545036315919,"z":-4.252798080444336},"rotation":{"x":-0.016607915982604028,"y":-0.1467422991991043,"z":-0.0024669228587299587,"w":0.9890699982643127},"size":0.12247438728809357,"orthographic":false}