{"cameraMode":{"drawMode":0,"name":"Shaded","section":"Shading Mode"},"sceneLighting":false,"audioPlay":false,"sceneViewState":{"m_AlwaysRefresh":false,"showFog":true,"showSkybox":false,"showFlares":true,"showImageEffects":true,"showParticleSystems":true,"showVisualEffectGraphs":true,"m_FxEnabled":true},"in2DMode":false,"pivot":{"x":-0.08616851270198822,"y":0.31891170144081118,"z":0.00022463500499725342},"rotation":{"x":0.03898792713880539,"y":-0.0039061123970896007,"z":-0.00026812092983163893,"w":-0.9994381666183472},"size":0.8660253882408142,"orthographic":false}