{"cameraMode":{"drawMode":0,"name":"Shaded","section":"Shading Mode"},"sceneLighting":false,"audioPlay":false,"sceneViewState":{"m_AlwaysRefresh":false,"showFog":true,"showSkybox":false,"showFlares":true,"showImageEffects":true,"showParticleSystems":true,"showVisualEffectGraphs":true,"m_FxEnabled":true},"in2DMode":false,"pivot":{"x":-1.4974427223205567,"y":-0.25634056329727175,"z":-0.7675629258155823},"rotation":{"x":-0.09393912553787232,"y":0.7526437044143677,"z":-0.11006350815296173,"w":-0.6423505544662476},"size":2.170488119125366,"orthographic":false}