{"cameraMode":{"drawMode":0,"name":"Shaded","section":"Shading Mode"},"sceneLighting":false,"audioPlay":false,"sceneViewState":{"m_AlwaysRefresh":false,"showFog":true,"showSkybox":false,"showFlares":true,"showImageEffects":true,"showParticleSystems":true,"showVisualEffectGraphs":true,"m_FxEnabled":true},"in2DMode":false,"pivot":{"x":0.06499898433685303,"y":0.854722261428833,"z":-0.5137782096862793},"rotation":{"x":-0.08145087212324143,"y":-0.8727455735206604,"z":0.15612030029296876,"w":-0.4553525447845459},"size":1.4198048114776612,"orthographic":false}